SalesID,CustomerID,ProductID,Employee_ID,Quantity,Product_Price,Total_price
1,10482,500,17.0,500,101,50500.0
2,1964,306,5.0,810,1120,907200.0
3,12300,123,8.0,123,177,21771.0
4,4182,437,1.0,437,24,10488.0
5,15723,246,14.0,750,1364,1023000.0
6,6000,60,14.0,60,152,9120.0
7,17541,373,5.0,373,69,25737.0
8,9423,183,20.0,687,306,210222.0
9,1,1,1.0,10,1,10.0
10,11241,310,11.0,310,34,10540.0
11,3023,119,2.0,623,88,54824.0
12,14664,433,17.0,937,24,22488.0
13,5241,250,20.0,250,1349,337250.0
14,16482,56,8.0,560,75,42000.0
15,8264,369,22.0,873,63,54999.0
16,18700,187,3.0,187,133,24871.0
19,12300,123,8.0,123,177,21771.0
21,15723,246,14.0,750,1364,1023000.0
22,6000,60,14.0,60,152,9120.0
23,17541,373,5.0,373,69,25737.0
24,9423,183,20.0,687,306,210222.0
25,1,1,-1.0,26,1,26.0
27,3023,119,2.0,623,88,54824.0
30,19482,86,15.0,590,-1,-590.0
31,11264,399,6.0,903,121,109263.0
32,1941,217,10.0,217,8,1736.0
33,13482,26,1.0,530,-1,-530.0
34,4964,336,12.0,840,348,292320.0
35,15300,153,15.0,153,-1,-153.0
36,7182,467,7.0,467,742,346514.0
37,18723,276,21.0,780,3399,2651220.0
38,9000,90,21.0,90,-1,-90.0
39,782,403,12.0,403,333,134199.0
40,12423,213,4.0,717,34,24378.0
41,3000,30,7.0,30,418,12540.0
42,14241,340,18.0,340,594,201960.0
43,6023,149,9.0,653,564,368292.0
44,17664,463,1.0,967,742,717514.0
45,8241,280,4.0,280,3374,944720.0
48,1941,217,10.0,217,8,1736.0
49,13482,26,1.0,530,-1,-530.0
51,15300,153,15.0,153,-1,-153.0
55,782,403,-1.0,403,333,134199.0
60,17664,463,1.0,967,742,717514.0
63,11264,399,6.0,903,121,109263.0
65,13482,26,1.0,530,-1,-530.0
66,4964,336,-1.0,840,348,292320.0
76,17664,463,1.0,967,742,717514.0
80,1941,217,10.0,217,8,1736.0
81,16482,56,8.0,560,75,42000.0
87,4182,437,1.0,437,24,10488.0
90,19241,390,22.0,390,1003,391170.0
91,10723,196,10.0,700,418,292600.0
92,1300,13,13.0,13,64,832.0
93,12941,327,5.0,327,594,194238.0
94,4723,136,19.0,640,548,350720.0
95,15964,446,7.0,950,80,76000.0
96,6541,263,10.0,263,1457,383191.0
97,18182,73,2.0,577,472,272344.0
98,9964,386,16.0,890,53,47170.0
99,241,200,16.0,200,843,168600.0
100,11782,9,7.0,513,-1,-513.0
101,3664,323,22.0,827,85,70295.0
102,15300,153,2.0,140,-1,-140.0
109,14241,340,18.0,340,594,201960.0
113,19482,86,15.0,590,-1,-590.0
118,15300,153,15.0,153,-1,-153.0
120,664,293,15.0,797,1079,859963.0
121,10700,107,15.0,107,85,9095.0
122,2482,420,6.0,420,39,16380.0
123,14023,229,20.0,733,337,247021.0
124,4700,47,1.0,47,441,20727.0
125,15941,357,-1.0,357,74,26418.0
126,7723,166,3.0,670,389,260630.0
127,19264,479,17.0,983,1700,1671100.0
128,9941,297,21.0,297,2443,725571.0
129,1423,103,9.0,607,169,102583.0
130,12964,416,1.0,920,27,24840.0
131,3541,233,3.0,233,337,78521.0
132,15182,43,18.0,547,72,39384.0
133,6664,353,6.0,857,44,37708.0
134,17000,170,9.0,170,196,33320.0
135,8782,483,1.0,483,742,358386.0
149,6664,353,6.0,857,44,37708.0
151,10482,500,17.0,500,101,50500.0
162,18964,476,14.0,980,1214,1189720.0
163,9541,293,17.0,293,1079,316147.0
165,12964,416,-1.0,920,27,24840.0
166,3241,230,1.0,230,337,77510.0
167,14782,39,14.0,543,-1,-543.0
170,8482,480,20.0,480,1700,816000.0
171,264,289,11.0,793,2294,1819142.0
172,10700,107,15.0,107,85,9095.0
174,13723,226,17.0,730,1431,1044630.0
175,4300,43,20.0,43,72,3096.0
177,9423,183,20.0,687,306,210222.0
178,1,1,1.0,179,1,179.0
181,14664,433,17.0,937,24,22488.0
182,5241,250,20.0,250,1349,337250.0
183,16482,56,8.0,560,75,42000.0
194,1,1,1.0,195,1,195.0
197,14664,433,17.0,937,24,22488.0
202,10482,500,17.0,500,101,50500.0
203,3664,323,22.0,827,85,70295.0
204,14000,140,2.0,140,829,116060.0
205,5482,450,13.0,450,91,40950.0
206,17023,259,4.0,763,1457,1111691.0
207,7700,77,8.0,77,636,48972.0
210,1300,13,13.0,13,64,832.0
211,14241,340,18.0,340,594,201960.0
215,19482,86,15.0,590,-1,-590.0
220,15300,153,15.0,153,-1,-153.0
227,14241,340,18.0,340,594,201960.0
243,14241,340,18.0,340,594,201960.0
250,15182,43,18.0,547,72,39384.0
253,8782,483,1.0,483,742,358386.0
263,4723,136,19.0,640,548,350720.0
264,17664,463,1.0,967,742,717514.0
265,8241,280,4.0,280,3374,944720.0
266,19482,86,15.0,590,-1,-590.0
267,11264,399,6.0,903,121,109263.0
268,1941,217,10.0,217,8,1736.0
269,13482,26,1.0,530,-1,-530.0
270,4964,336,-1.0,840,348,292320.0
271,15300,153,15.0,153,-1,-153.0
272,7182,467,7.0,467,742,346514.0
273,264,289,11.0,793,2294,1819142.0
274,10700,107,15.0,107,85,9095.0
275,2482,420,6.0,420,39,16380.0
276,13723,226,17.0,730,1431,1044630.0
277,4300,43,20.0,43,72,3096.0
278,15941,357,-1.0,357,74,26418.0
279,7723,166,3.0,670,389,260630.0
280,18964,476,14.0,980,1214,1189720.0
281,9541,293,17.0,293,1079,316147.0
282,1423,103,9.0,607,169,102583.0
283,12964,416,1.0,920,27,24840.0
284,3241,230,1.0,230,337,77510.0
288,8482,480,20.0,480,1700,816000.0
290,10700,107,15.0,107,85,9095.0
292,13723,226,17.0,730,1431,1044630.0
293,4300,43,20.0,43,72,3096.0
297,9541,293,17.0,293,1079,316147.0
306,12964,416,1.0,920,27,24840.0
309,9664,383,13.0,887,21,18627.0
310,241,200,16.0,200,843,168600.0
321,4723,136,19.0,640,548,350720.0
323,6541,263,10.0,263,1457,383191.0
325,9964,386,16.0,890,53,47170.0
326,241,200,16.0,200,843,168600.0
338,17664,463,-1.0,967,742,717514.0
340,19482,86,15.0,590,-1,-590.0
342,1941,217,10.0,217,8,1736.0
345,15300,153,15.0,153,-1,-153.0
352,14241,340,18.0,340,594,201960.0
404,19482,86,15.0,590,-1,-590.0
418,1,1,1.0,11,1,11.0
419,11241,310,11.0,310,34,10540.0
430,264,289,11.0,793,2294,1819142.0
431,10700,107,15.0,107,85,9095.0
433,13723,226,17.0,730,1431,1044630.0
435,15941,357,12.0,357,74,26418.0
437,1,1,1.0,11,1,11.0
442,16482,56,8.0,560,75,42000.0
458,19482,86,15.0,590,-1,-590.0
466,9000,90,21.0,90,-1,-90.0
467,782,403,12.0,403,333,134199.0
472,17664,463,-1.0,967,742,717514.0
478,4964,336,12.0,840,348,292320.0
496,1,1,1.0,11,-1,-11.0
499,4700,47,1.0,47,441,20727.0
517,15941,357,12.0,357,74,26418.0
522,4182,437,1.0,437,24,10488.0
525,8782,483,1.0,483,742,358386.0
541,14023,229,20.0,733,337,247021.0
545,664,293,15.0,797,1079,859963.0
557,19264,479,17.0,983,1700,1671100.0
561,4700,47,-1.0,47,441,20727.0
565,10700,107,15.0,107,85,9095.0
576,8241,280,4.0,280,3374,944720.0
586,4182,437,1.0,437,24,10488.0
622,1,1,1.0,11,1,11.0
625,4700,47,1.0,47,441,20727.0
673,664,293,15.0,797,1079,859963.0
684,17664,463,1.0,967,742,717514.0
750,1,1,1.0,11,1,11.0
760,15300,153,15.0,153,-1,-153.0
763,241,200,16.0,200,843,168600.0
778,4182,437,-1.0,437,24,10488.0
782,10482,500,17.0,500,101,50500.0
788,19482,86,15.0,590,-1,-590.0
801,664,293,15.0,797,1079,859963.0
807,9964,386,16.0,890,53,47170.0
810,14664,433,17.0,937,24,22488.0
813,19264,479,17.0,983,1700,1671100.0
814,1,1,1.0,11,1,11.0
815,1300,13,13.0,13,64,832.0
821,10700,107,15.0,107,85,9095.0
835,12941,327,5.0,327,594,194238.0
836,14241,340,18.0,-1,594,-594.0
871,4700,47,1.0,47,441,20727.0
875,10700,107,15.0,107,85,9095.0
881,241,200,16.0,200,843,168600.0
927,12964,416,-1.0,920,27,24840.0
935,4700,47,1.0,47,441,20727.0
966,13482,26,1.0,530,-1,-530.0
996,1,1,-1.0,11,1,11.0
1034,19482,86,15.0,590,-1,-590.0
1072,18700,187,3.0,187,133,24871.0
1075,3541,233,3.0,233,337,78521.0
1095,16482,56,8.0,560,75,42000.0
1102,7723,166,3.0,670,389,260630.0
1123,1,1,1.0,11,1,11.0
1190,10700,107,15.0,107,85,9095.0
1196,241,200,16.0,200,843,168600.0
1204,14241,340,18.0,340,594,201960.0
1249,4700,47,-1.0,47,441,20727.0
1277,8782,483,-1.0,483,742,358386.0
1431,12964,416,1.0,920,27,24840.0
1470,13482,26,-1.0,530,-1,-530.0
1501,1300,13,13.0,13,64,832.0
1503,4700,47,1.0,47,441,20727.0
1506,9000,90,21.0,90,-1,-90.0
1518,8241,280,4.0,280,3374,944720.0
1521,12941,327,5.0,327,594,194238.0
1536,16482,56,8.0,560,75,42000.0
1538,19482,86,15.0,590,-1,-590.0
1551,664,293,15.0,797,1079,859963.0
1562,17664,463,-1.0,967,742,717514.0
1598,13482,26,-1.0,530,-1,-530.0
1611,14023,229,20.0,733,337,247021.0
1631,4700,47,-1.0,47,441,20727.0
1644,5241,250,20.0,250,1349,337250.0
1650,14241,340,18.0,340,594,201960.0
1663,15182,43,18.0,547,72,39384.0
1669,4723,136,19.0,640,548,350720.0
1672,9423,183,20.0,687,306,210222.0
1692,1,1,1.0,11,1,11.0
1693,1300,13,13.0,1,64,64.0
1697,7700,77,8.0,77,636,48972.0
1723,8782,483,1.0,483,742,358386.0
1726,13482,26,1.0,530,-1,-530.0
1741,17023,259,4.0,763,1457,1111691.0
1744,1964,306,5.0,810,1120,907200.0
1778,14241,340,18.0,340,594,201960.0
1823,4700,47,1.0,47,441,20727.0
1832,18700,187,3.0,187,133,24871.0
1835,3541,233,3.0,233,337,78521.0
1841,12941,327,5.0,327,594,194238.0
1863,7723,166,3.0,670,389,260630.0
1925,4723,136,19.0,640,548,350720.0
1928,9423,183,20.0,687,306,210222.0
1931,14023,229,20.0,733,337,247021.0
1964,5241,250,20.0,250,1349,337250.0
1970,14241,340,18.0,340,594,201960.0
1983,15182,43,18.0,547,72,39384.0
1989,4723,136,19.0,640,548,350720.0
1992,9423,183,20.0,687,306,210222.0
1995,14023,229,20.0,733,337,247021.0
2089,241,200,16.0,200,843,168600.0
2114,19482,86,15.0,590,-1,-590.0
2127,664,293,15.0,797,1079,859963.0
2140,1,1,1.0,11,1,11.0
2178,19482,86,15.0,590,-1,-590.0
2204,1,1,1.0,11,1,11.0
2239,18182,73,2.0,577,472,272344.0
2265,14000,140,2.0,140,829,116060.0
2296,3023,119,2.0,623,88,54824.0
2321,1300,13,13.0,13,64,832.0
2454,10700,107,15.0,107,85,9095.0
2511,1,1,1.0,11,1,11.0
2520,14000,140,2.0,140,829,116060.0
2547,18182,73,2.0,577,472,272344.0
2550,3023,119,2.0,623,88,54824.0
2596,14241,340,18.0,340,594,201960.0
2705,4700,47,1.0,47,441,20727.0
2766,4700,47,1.0,47,441,20727.0
2825,1,1,1.0,11,1,11.0
2847,14241,340,18.0,340,594,201960.0
3061,18941,387,19.0,387,53,20511.0
3064,3782,433,19.0,433,24,10392.0
3068,10182,497,14.0,497,539,267883.0
3077,4423,133,16.0,637,90,57330.0
3080,9023,179,16.0,683,910,621530.0
3084,15423,243,11.0,747,337,251739.0
3087,264,289,11.0,793,2294,1819142.0
3096,14264,429,13.0,933,249,232317.0
3100,905,493,8.0,997,564,562308.0
3109,13700,137,22.0,137,183,25071.0
3112,18300,183,22.0,183,306,55998.0
3116,4941,247,17.0,247,1364,336908.0
3119,9541,293,17.0,293,1079,316147.0
3122,14241,340,18.0,-1,594,-594.0
3161,15964,446,7.0,950,80,76000.0
3166,3000,30,7.0,30,418,12540.0
3186,14241,340,18.0,-1,594,-594.0
3192,3782,433,10.0,433,24,10392.0
3194,7182,467,7.0,467,742,346514.0
3197,11782,9,7.0,513,-1,-513.0
3202,19482,86,15.0,590,1,590.0
3229,1300,13,13.0,13,64,832.0
3361,7700,77,8.0,77,636,48972.0
3370,1941,217,10.0,217,8,1736.0
3372,4941,247,17.0,247,1364,336908.0
3393,18182,73,2.0,577,472,272344.0
3396,3023,119,2.0,623,88,54824.0
3520,15723,246,14.0,750,1364,1023000.0
3544,14000,140,2.0,140,829,116060.0
3577,1300,13,13.0,13,64,832.0
3663,11782,9,7.0,513,-1,-513.0
3686,15964,446,7.0,950,80,76000.0
3691,3000,30,7.0,30,418,12540.0
3719,7182,467,7.0,467,742,346514.0
3766,241,200,16.0,200,843,168600.0
3777,782,403,12.0,403,333,134199.0
3787,16482,56,8.0,560,-1,-560.0
3805,4964,336,12.0,840,348,292320.0
3838,15941,357,12.0,357,74,26418.0
3880,1300,13,13.0,13,64,832.0
3943,1,1,1.0,11,1,11.0
4117,1,1,1.0,11,1,11.0
4137,12941,327,5.0,327,594,194238.0
4181,4700,47,1.0,47,441,20727.0
4212,16482,56,8.0,560,75,42000.0
4520,5482,450,13.0,450,91,40950.0
4522,8782,483,1.0,483,742,358386.0
4560,7700,77,8.0,77,636,48972.0
4745,1,1,1.0,11,1,11.0
4812,4700,47,1.0,47,441,20727.0
4852,7723,166,3.0,670,389,260630.0
4876,4700,47,1.0,47,441,20727.0
4885,18700,187,3.0,187,133,24871.0
4888,3541,233,3.0,233,337,78521.0
5078,3241,230,1.0,230,337,77510.0
5112,264,289,11.0,793,2294,1819142.0
5302,264,-1,11.0,793,2294,1819142.0
5493,664,293,15.0,797,1079,859963.0
5634,1,1,1.0,11,1,11.0
5775,1941,217,10.0,217,8,1736.0
5830,7700,77,8.0,77,636,48972.0
5967,15964,446,7.0,950,80,76000.0
5972,3000,30,7.0,30,418,12540.0
5999,7182,467,7.0,467,742,346514.0
6002,11782,9,7.0,513,-1,-513.0
6142,17023,259,4.0,763,1457,1111691.0
6175,8241,280,4.0,280,3374,944720.0
6203,12423,213,4.0,717,34,24378.0
6206,17023,259,4.0,763,1457,1111691.0
6344,15964,446,7.0,950,80,76000.0
6349,3000,30,7.0,30,418,12540.0
6377,7182,467,7.0,467,742,346514.0
6378,11782,9,7.0,513,-1,-513.0
6460,10700,107,15.0,107,85,9095.0
6624,1,1,1.0,11,1,11.0
6687,1,1,1.0,11,1,11.0
6688,1300,13,13.0,1,64,64.0
6709,14241,340,18.0,340,594,201960.0
6944,10700,107,15.0,107,85,9095.0
7214,15941,357,12.0,357,74,26418.0
7217,782,403,12.0,403,333,134199.0
7245,4964,336,12.0,840,348,292320.0
7319,1,1,1.0,11,1,11.0
7388,7700,77,8.0,7,636,4452.0
7563,4964,336,12.0,840,348,292320.0
7596,15941,357,12.0,357,74,26418.0
7599,782,403,12.0,403,333,134199.0
7649,18700,187,3.0,187,133,24871.0
7652,3541,233,3.0,233,337,78521.0
7873,7482,47,1.0,47,441,20727.0
7874,723,60,14.0,60,152,9120.0
7875,17723,77,8.0,77,636,48972.0
7876,10964,90,21.0,90,-1,-90.0
7877,8205,107,15.0,107,85,9095.0
7878,4446,123,8.0,123,177,21771.0
7879,1687,140,2.0,140,829,116060.0
7880,14687,153,15.0,153,-1,-153.0
7881,11928,170,9.0,170,196,33320.0
7882,9169,187,3.0,187,133,24871.0
7883,2410,200,16.0,200,843,168600.0
7884,19410,217,10.0,217,8,1736.0
7885,15651,233,3.0,233,337,78521.0
7886,12892,250,20.0,250,1349,337250.0
7887,6133,263,10.0,263,1457,383191.0
7888,3374,280,4.0,280,3374,944720.0
7889,615,297,21.0,297,2443,725571.0
7890,13615,310,11.0,310,34,10540.0
7891,10856,327,5.0,327,594,194238.0
7892,4097,340,18.0,340,594,201960.0
7893,1338,357,12.0,357,74,26418.0
7894,17338,373,5.0,373,69,25737.0
7895,14579,390,22.0,390,1003,391170.0
7896,7820,403,12.0,403,333,134199.0
7897,5061,420,6.0,420,39,16380.0
7898,2302,437,1.0,437,24,10488.0
7899,15302,450,13.0,450,91,40950.0
7900,12543,467,7.0,467,742,346514.0
7901,8784,483,1.0,483,742,358386.0
7902,6025,500,17.0,500,101,50500.0
7903,19025,9,7.0,513,-1,-513.0
7904,16266,26,1.0,530,-1,-530.0
7905,13507,43,18.0,547,72,39384.0
7906,6748,56,8.0,560,75,42000.0
7907,3989,73,2.0,577,472,272344.0
7908,16989,86,15.0,590,-1,-590.0
7909,14230,103,9.0,607,169,102583.0
7910,10471,119,2.0,623,88,54824.0
7911,7712,136,19.0,640,548,350720.0
7912,953,149,9.0,653,564,368292.0
7913,17953,166,3.0,670,389,260630.0
7914,15194,183,20.0,687,306,210222.0
7915,8435,196,10.0,700,418,292600.0
7916,5676,213,4.0,717,34,24378.0
7917,1917,229,20.0,733,337,247021.0
7918,18917,246,14.0,750,1364,1023000.0
7919,12158,259,4.0,763,1457,1111691.0
7920,9399,276,21.0,780,3399,2651220.0
7921,6640,293,15.0,797,1079,859963.0
7922,19640,306,5.0,810,1120,907200.0
7923,16881,323,22.0,827,85,70295.0
7924,10122,336,12.0,840,348,292320.0
7925,7363,353,6.0,857,44,37708.0
7926,3604,369,22.0,873,63,54999.0
7927,845,386,16.0,890,53,47170.0
7928,13845,399,6.0,903,121,109263.0
7929,11086,416,1.0,920,27,24840.0
7930,8327,433,17.0,937,24,22488.0
7931,1568,446,7.0,950,80,76000.0
7932,18568,463,1.0,967,742,717514.0
7933,14809,479,17.0,983,1700,1671100.0
7935,13000,13,13.0,13,64,832.0
7936,10241,30,7.0,30,418,12540.0
7937,7482,47,1.0,47,441,20727.0
7955,4097,340,18.0,-1,594,-594.0
8198,19410,217,10.0,217,8,1736.0
8253,17723,77,8.0,7,636,4452.0
8337,7820,403,12.0,403,333,134199.0
8365,10122,336,12.0,840,348,292320.0
8375,1,1,1.0,11,1,11.0
8395,1338,357,12.0,357,74,26418.0
8424,16881,323,22.0,827,85,70295.0
8456,10856,327,5.0,327,594,194238.0
8535,6748,56,8.0,560,75,42000.0
8570,8205,107,15.0,10,85,850.0
9003,11086,416,1.0,920,27,24840.0
9006,18568,463,1.0,967,742,717514.0
9008,1,1,1.0,11,1,11.0
9011,7482,47,1.0,47,441,20727.0
9036,2302,437,1.0,437,24,10488.0
9039,8784,483,1.0,483,742,358386.0
9042,16266,26,1.0,530,-1,-530.0
9094,4097,340,18.0,340,594,201960.0
9136,1,1,1.0,11,1,11.0
9212,9169,187,3.0,187,133,24871.0
9215,15651,233,3.0,233,337,78521.0
9234,16266,26,1.0,530,-1,-530.0
9242,17953,166,3.0,670,389,260630.0
9258,11086,416,1.0,920,27,24840.0
9261,18568,463,1.0,967,742,717514.0
9263,1,1,1.0,11,1,11.0
9266,7482,47,1.0,47,441,20727.0
9290,2302,437,1.0,437,24,10488.0
9293,8784,483,1.0,483,742,358386.0
9296,16266,26,1.0,530,-1,-530.0
9326,1,1,1.0,11,1,11.0
9402,9169,187,3.0,187,133,24871.0
9405,15651,233,3.0,233,337,78521.0
9433,17953,166,3.0,670,389,260630.0
9878,7482,47,1.0,47,441,20727.0
9993,13000,13,13.0,13,64,832.0
9995,7482,47,1.0,47,441,20727.0
9997,17723,77,8.0,77,636,48972.0
9999,8205,107,15.0,107,85,9095.0
10702,13615,327,11.0,327,594,194238.0
11430,8205,107,15.0,107,85,9095.0
11523,6748,56,8.0,560,75,42000.0
11612,12654,187,3.0,187,133,24871.0
11613,4341,200,16.0,200,843,168600.0
11614,16269,217,10.0,217,8,1736.0
11615,18197,233,3.0,233,337,78521.0
11616,10366,250,20.0,250,1349,337250.0
11617,2053,263,10.0,263,1457,383191.0
11618,13981,280,4.0,280,3374,944720.0
11619,6150,297,21.0,297,2443,725571.0
11620,17596,310,11.0,310,34,10540.0
11621,9765,327,5.0,327,594,194238.0
11622,1452,340,18.0,340,594,201960.0
11623,13380,357,12.0,357,74,26418.0
11624,15308,373,5.0,373,69,25737.0
11625,7477,390,22.0,390,1003,391170.0
11626,18923,403,12.0,403,333,134199.0
11627,11092,420,6.0,420,39,16380.0
11628,3261,437,1.0,437,24,10488.0
11629,14707,450,13.0,450,91,40950.0
11630,6876,467,7.0,467,742,346514.0
11631,12419,9,7.0,513,-1,-513.0
11632,4588,26,1.0,530,-1,-530.0
11633,16516,43,18.0,547,72,39384.0
11634,8203,56,8.0,560,75,42000.0
11635,372,73,2.0,577,472,272344.0
11636,11818,86,15.0,590,-1,-590.0
11637,3987,103,9.0,607,169,102583.0
11638,5915,119,2.0,623,88,54824.0
11639,17843,136,19.0,640,548,350720.0
11640,9530,149,9.0,653,564,368292.0
11641,1699,166,3.0,670,389,260630.0
11642,13627,183,20.0,687,306,210222.0
11643,5314,196,10.0,700,418,292600.0
11644,17242,213,4.0,717,34,24378.0
11645,19170,229,20.0,733,337,247021.0
11646,11339,246,14.0,750,1364,1023000.0
11647,3026,259,4.0,763,1457,1111691.0
11648,14954,276,21.0,780,3399,2651220.0
11649,7123,293,15.0,797,1079,859963.0
11650,18569,306,5.0,810,1120,907200.0
11651,10738,323,22.0,827,85,70295.0
11652,2425,336,12.0,840,348,292320.0
11653,14353,353,6.0,857,44,37708.0
11654,16281,369,22.0,873,63,54999.0
11655,8450,386,16.0,890,53,47170.0
11656,137,399,6.0,903,121,109263.0
11657,12065,416,1.0,920,27,24840.0
11658,4234,433,17.0,937,24,22488.0
11659,15680,446,7.0,950,80,76000.0
11660,7849,463,1.0,967,742,717514.0
11661,9777,479,17.0,983,1700,1671100.0
11662,1,1,1.0,11,1,11.0
11663,11446,13,13.0,13,64,832.0
11664,3615,30,7.0,30,418,12540.0
11665,15543,47,1.0,47,441,20727.0
11666,7230,60,14.0,60,152,9120.0
11667,19158,77,8.0,77,636,48972.0
11668,10845,90,21.0,90,-1,-90.0
11669,3014,107,15.0,107,85,9095.0
11670,4942,123,8.0,123,177,21771.0
11671,16870,140,2.0,140,829,116060.0
11672,8557,153,15.0,153,-1,-153.0
11673,726,170,9.0,170,196,33320.0
11693,8804,483,1.0,483,742,358386.0
11694,973,500,17.0,500,101,50500.0
11731,19158,77,8.0,77,636,48972.0
11740,16269,217,10.0,217,8,1736.0
11833,1699,166,3.0,670,389,260630.0
11866,12654,187,3.0,187,133,24871.0
11869,18197,233,3.0,233,337,78521.0
11897,1699,166,3.0,670,389,260630.0
11921,15543,47,1.0,47,441,20727.0
11930,12654,187,3.0,187,133,24871.0
11933,18197,233,3.0,233,337,78521.0
12131,13380,357,12.0,357,74,26418.0
12134,18923,403,12.0,403,333,134199.0
12162,2425,336,12.0,840,348,292320.0
12193,9765,327,5.0,327,594,194238.0
12779,10738,323,22.0,827,85,70295.0
13396,18923,403,12.0,403,333,134199.0
13423,2425,336,12.0,840,348,292320.0
13440,13380,357,12.0,357,74,26418.0
13644,8203,56,8.0,560,75,42000.0
13670,19158,77,8.0,7,636,4452.0
13720,5668,293,17.0,293,1079,316147.0
13725,16995,387,19.0,387,53,20511.0
13728,18322,480,20.0,480,1700,816000.0
13731,16034,39,14.0,543,-1,-543.0
13735,8929,226,17.0,730,1431,1044630.0
13736,1098,243,11.0,747,337,251739.0
13741,3752,429,13.0,933,249,232317.0
13744,15061,43,20.0,43,72,3096.0
13750,125,247,17.0,247,1364,336908.0
13758,2779,433,19.0,433,24,10392.0
13762,10491,497,14.0,497,539,267883.0
13768,7602,133,16.0,637,90,57330.0
13771,13145,179,16.0,683,910,621530.0
13778,6641,-1,11.0,793,2294,1819142.0
13784,17968,383,13.0,887,21,18627.0
13790,19295,476,14.0,980,1214,1189720.0
13791,11464,493,8.0,997,564,562308.0
13801,12172,183,22.0,183,306,55998.0
13804,7956,230,1.0,230,337,77510.0
13859,2779,433,10.0,433,24,10392.0
13873,6641,289,11.0,793,2294,1819142.0
13890,6629,137,22.0,137,183,25071.0
13892,16269,217,10.0,217,8,1736.0
14066,6629,137,22.0,13,183,2379.0
14238,2425,336,12.0,840,348,292320.0
14271,13380,357,12.0,357,74,26418.0
14274,18923,403,12.0,403,333,134199.0
14321,6629,137,22.0,137,183,25071.0
14702,6629,137,22.0,137,183,25071.0
14728,16034,39,14.0,543,-1,-543.0
14815,11446,13,13.0,13,64,832.0
14883,9765,327,5.0,327,594,194238.0
15450,1452,340,18.0,340,594,201960.0
15772,2425,336,12.0,840,348,292320.0
15792,13380,357,12.0,357,74,26418.0
15795,18923,403,12.0,403,333,134199.0
16113,1699,166,3.0,670,389,260630.0
16150,18923,403,12.0,403,333,134199.0
16194,13380,357,12.0,357,74,26418.0
16223,2425,336,12.0,840,348,292320.0
16235,3615,30,7.0,30,418,12540.0
16263,6876,467,7.0,467,742,346514.0
16266,12419,9,7.0,513,-1,-513.0
16294,15680,446,7.0,950,80,76000.0
16299,3615,30,7.0,30,418,12540.0
16494,12172,183,22.0,183,306,55998.0
16532,6641,289,11.0,793,2294,1819142.0
16601,19158,77,8.0,77,636,48972.0
16911,6629,137,22.0,137,183,25071.0
16982,125,247,17.0,247,1364,336908.0
17024,137,399,6.0,903,121,109263.0
17658,16269,217,10.0,217,8,1736.0
17854,16034,39,14.0,543,-1,-543.0
17899,125,247,17.0,247,1364,336908.0
17954,3014,107,15.0,1,85,85.0
18121,12654,187,3.0,187,133,24871.0
18124,18197,233,3.0,233,337,78521.0
18741,7123,293,15.0,797,1079,859963.0
18984,7123,293,15.0,797,1079,859963.0
19102,1699,166,3.0,670,389,260630.0
19135,12654,187,3.0,187,133,24871.0
19138,18197,233,3.0,233,337,78521.0
20338,18197,233,3.0,233,337,78521.0
20387,12654,187,3.0,187,133,24871.0
20418,1699,166,3.0,670,389,260630.0
20461,1452,340,18.0,340,594,201960.0
20602,8203,56,8.0,560,75,42000.0
21727,2425,336,12.0,840,348,292320.0
21737,1,1,1.0,11,1,11.0
21760,13380,357,12.0,357,74,26418.0
21763,18923,403,12.0,403,333,134199.0
22436,5668,293,17.0,293,1079,316147.0
22554,6629,137,22.0,137,183,25071.0
22580,16034,39,14.0,543,-1,-543.0
24351,9765,327,5.0,327,594,194238.0
24450,1,1,1.0,11,1,11.0
24700,1,1,1.0,11,1,11.0
26952,1699,166,3.0,670,389,260630.0
26985,12654,187,3.0,187,133,24871.0
26988,18197,233,3.0,233,337,78521.0
27332,1699,166,3.0,670,389,260630.0
27365,12654,187,3.0,187,133,24871.0
27368,18197,233,3.0,233,337,78521.0
27420,15543,47,1.0,47,441,20727.0
27579,11339,246,14.0,750,1364,1023000.0
28182,8203,56,8.0,560,75,42000.0
29207,16870,140,2.0,140,829,116060.0
29227,372,73,2.0,577,472,272344.0
29230,5915,119,2.0,623,88,54824.0
29637,5915,119,2.0,623,88,54824.0
29670,16870,140,2.0,140,829,116060.0
29698,372,73,2.0,577,472,272344.0
30749,9765,327,5.0,327,594,194238.0
31508,1452,340,18.0,340,594,201960.0
32310,16269,217,10.0,217,8,1736.0
32612,12654,187,3.0,187,133,24871.0
32615,18197,233,3.0,233,337,78521.0
32643,1699,166,3.0,670,389,260630.0
32983,18197,233,3.0,233,337,78521.0
33011,1699,166,3.0,670,389,260630.0
33044,12654,187,3.0,187,133,24871.0
34039,16269,217,10.0,217,8,1736.0
37124,1,1,1.0,11,1,11.0
37127,15543,47,1.0,47,441,20727.0
37151,3261,437,1.0,437,24,10488.0
37154,8804,483,1.0,483,742,358386.0
37157,4588,26,1.0,530,-1,-530.0
37182,12065,416,1.0,920,27,24840.0
37185,7849,463,1.0,967,742,717514.0
37249,1,1,1.0,11,1,11.0
37508,15543,47,1.0,47,441,20727.0
38226,3261,437,1.0,437,24,10488.0
38229,8804,483,1.0,483,742,358386.0
38232,4588,26,1.0,530,-1,-530.0
38254,12065,416,1.0,920,27,24840.0
38279,3261,437,1.0,437,24,10488.0
38310,12065,416,1.0,920,27,24840.0
38313,7849,463,1.0,967,742,717514.0
38315,1,1,1.0,11,1,11.0
38318,15543,47,1.0,47,441,20727.0
38343,3261,437,1.0,437,24,10488.0
38346,8804,483,1.0,483,742,358386.0
38349,4588,26,1.0,530,-1,-530.0
38367,10738,323,22.0,827,85,70295.0
38381,15543,47,1.0,47,441,20727.0
38409,8804,483,1.0,483,742,358386.0
38504,7849,463,1.0,967,742,717514.0
38506,1,1,1.0,11,1,11.0
38509,15543,47,1.0,47,441,20727.0
38518,12654,187,3.0,187,133,24871.0
38521,18197,233,3.0,233,337,78521.0
38549,1699,166,3.0,670,389,260630.0
38633,15543,47,1.0,47,441,20727.0
39068,1,1,1.0,11,1,11.0
39144,12654,187,3.0,187,133,24871.0
39147,18197,233,3.0,233,337,78521.0
39175,1699,166,3.0,670,389,260630.0
39455,15543,47,1.0,47,441,20727.0
40332,1,1,1.0,11,1,11.0
41524,125,247,17.0,247,1364,336908.0
41553,5314,196,10.0,700,418,292600.0
41568,3752,429,13.0,933,249,232317.0
41586,16269,217,10.0,217,8,1736.0
41773,6629,137,22.0,137,183,25071.0
41831,15061,4,20.0,43,72,3096.0
42253,1,1,1.0,11,1,11.0
42916,8203,56,8.0,560,75,42000.0
43841,17242,213,4.0,717,34,24378.0
43844,3026,259,4.0,763,1457,1111691.0
44518,1699,166,3.0,670,389,260630.0
44551,12654,187,3.0,187,133,24871.0
44554,18197,233,3.0,233,337,78521.0
46091,15543,47,1.0,47,441,20727.0
46659,6629,137,22.0,137,183,25071.0
46835,17968,383,13.0,887,21,18627.0
47557,12172,183,22.0,183,306,55998.0
55001,15543,47,1.0,47,441,20727.0
56248,137,399,6.0,903,121,109263.0
56271,2053,263,10.0,263,1457,383191.0
56302,11339,246,14.0,750,1364,1023000.0
57173,18923,403,12.0,403,333,134199.0
57412,16870,140,2.0,140,829,116060.0
57440,372,73,2.0,577,472,272344.0
57443,5915,119,2.0,623,88,54824.0
58472,137,399,6.0,903,121,109263.0
58498,17596,310,11.0,310,34,10540.0
58505,11092,420,6.0,420,39,16380.0
61405,125,247,17.0,247,1364,336908.0
62158,12172,183,22.0,183,306,55998.0
62410,6629,137,22.0,137,183,25071.0
62794,6629,137,22.0,137,183,25071.0
62799,16269,217,10.0,217,8,1736.0
63172,12172,183,22.0,183,306,55998.0
63291,15061,43,20.0,43,72,3096.0
63302,16269,217,10.0,217,8,1736.0
63616,6629,137,22.0,137,183,25071.0
64175,15061,43,20.0,43,72,3096.0
64511,5668,293,17.0,293,1079,316147.0
64758,12172,183,22.0,183,306,55998.0
64799,10738,323,22.0,827,85,70295.0
65141,12172,183,22.0,1,306,306.0
65246,10738,323,22.0,827,85,70295.0
65403,5668,293,17.0,293,1079,316147.0
65437,10738,323,22.0,827,85,70295.0
65568,15061,43,20.0,4,72,288.0
65761,7230,60,14.0,60,152,9120.0
65769,12172,183,22.0,18,306,5508.0
65805,1098,243,11.0,747,337,251739.0
66287,16034,39,14.0,543,144,78192.0
66456,12172,183,22.0,183,306,55998.0
66903,12172,183,22.0,18,306,5508.0
67278,12172,183,22.0,183,306,55998.0
67406,12172,183,22.0,183,306,55998.0
67611,16034,39,14.0,543,144,78192.0
71218,16034,39,14.0,543,144,78192.0
72231,16034,39,14.0,543,144,78192.0
74471,14353,353,6.0,857,44,37708.0
75410,10738,323,22.0,827,85,70295.0
76430,6641,289,11.0,793,2294,1819142.0
86022,7123,293,15.0,293,1079,316147.0
89896,16269,217,10.0,217,8,1736.0
97761,1,1,1.0,11,1,11.0
100728,11339,246,14.0,750,1364,1023000.0
100985,7123,293,15.0,293,1079,316147.0
101423,7123,293,15.0,797,1079,859963.0
101439,15543,47,1.0,47,441,20727.0
105535,11446,13,13.0,13,64,832.0
106349,7123,293,15.0,797,1079,859963.0
106811,11446,13,13.0,13,64,832.0
107756,11446,13,13.0,13,64,832.0
108707,137,399,6.0,903,121,109263.0
109332,11446,13,13.0,13,64,832.0
109985,16269,217,10.0,217,8,1736.0
110794,137,399,6.0,903,121,109263.0
111295,137,399,6.0,903,121,109263.0
114635,7123,293,15.0,797,1079,859963.0
116106,1,1,1.0,11,1,11.0
121851,15543,47,1.0,47,441,20727.0
134180,18923,403,12.0,403,333,134199.0
142269,11339,246,14.0,750,1364,1023000.0
146861,11339,246,14.0,750,1364,1023000.0
148900,15543,47,1.0,47,441,20727.0
153312,10738,323,22.0,827,85,70295.0
153897,7849,463,1.0,967,742,717514.0
153899,1,1,1.0,11,1,11.0
153902,15543,47,1.0,47,441,20727.0
153927,3261,437,1.0,437,24,10488.0
153930,8804,483,1.0,483,742,358386.0
153933,4588,26,1.0,530,-1,-530.0
153958,12065,416,1.0,920,27,24840.0
154476,15543,47,1.0,47,441,20727.0
161473,7123,293,15.0,797,1079,859963.0
165579,15543,47,1.0,47,441,20727.0
166884,10738,323,22.0,827,85,70295.0
172571,11339,246,14.0,750,1364,1023000.0
172826,11339,246,14.0,750,1364,1023000.0
176200,16269,217,10.0,217,8,1736.0
176698,125,247,17.0,247,1364,336908.0
179842,19295,476,14.0,980,1214,1189720.0
179891,1098,243,11.0,747,337,251739.0
185393,137,399,6.0,903,121,109263.0
187372,15543,47,1.0,47,441,20727.0
188459,15543,47,1.0,47,441,20727.0
189379,15543,47,1.0,47,441,20727.0
190272,15543,47,1.0,47,441,20727.0
190656,15543,47,1.0,47,441,20727.0
200064,13627,196,20.0,700,418,292600.0
200497,10738,323,22.0,827,85,70295.0
203165,11339,246,14.0,750,1364,1023000.0
203612,11339,246,14.0,750,1364,1023000.0
210642,1,1,1.0,11,1,11.0
221315,7123,293,15.0,797,1079,859963.0
222947,18923,403,12.0,403,333,134199.0
223054,125,247,17.0,750,1364,1023000.0
223057,5668,293,17.0,797,1079,859963.0
228604,1,1,1.0,11,1,11.0
230065,1,1,1.0,11,1,11.0
231519,726,170,15.0,170,196,33320.0
236238,11339,246,14.0,750,1364,1023000.0
240095,5915,119,-1.0,623,88,54824.0
240144,372,73,-1.0,577,472,272344.0
240180,16870,140,-1.0,140,829,116060.0
241087,372,73,2.0,577,472,272344.0
241090,5915,119,2.0,623,88,54824.0
241123,16870,140,2.0,140,829,116060.0
241498,1,1,1.0,11,1,11.0
243074,1,1,1.0,11,1,11.0
244918,15543,47,1.0,47,441,20727.0
249332,1,1,1.0,11,1,11.0
251151,1,1,1.0,11,1,11.0
252215,10738,323,22.0,827,85,70295.0
258856,7123,293,15.0,797,1079,859963.0
258953,9765,327,5.0,327,594,194238.0
259674,7123,293,15.0,797,1079,859963.0
259837,1452,340,18.0,340,594,201960.0
261106,1452,340,18.0,340,594,201960.0
262757,9765,327,5.0,327,594,194238.0
263482,137,399,6.0,903,121,109263.0
264776,125,247,17.0,247,1364,336908.0
264833,5668,293,17.0,293,1079,316147.0
266714,125,247,17.0,247,1364,336908.0
267353,125,247,17.0,247,1364,336908.0
272307,125,247,17.0,247,1364,336908.0
272763,11339,246,14.0,247,1364,336908.0
300225,13981,280,4.0,280,3374,944720.0
300253,17242,213,4.0,717,34,24378.0
300256,3026,259,4.0,763,1457,1111691.0
313231,18923,403,12.0,403,333,134199.0
314363,9765,327,5.0,327,594,194238.0
315377,1452,340,18.0,340,594,201960.0
327992,18197,233,3.0,233,337,78521.0
328020,1699,166,3.0,670,389,260630.0
328053,12654,187,3.0,187,133,24871.0
328701,9765,327,5.0,327,594,194238.0
333062,1452,340,18.0,340,594,201960.0
336636,10738,323,22.0,827,85,70295.0
351216,9765,327,5.0,327,594,194238.0
354362,1452,340,18.0,340,594,201960.0
356373,1,1,1.0,11,1,11.0
366521,137,399,6.0,903,121,109263.0
368422,125,247,17.0,247,1364,336908.0
368425,5668,293,17.0,293,1079,316147.0
369738,11446,13,13.0,13,64,832.0
371182,10738,323,22.0,827,85,70295.0
371386,11446,13,13.0,13,64,832.0
372321,10738,323,22.0,827,85,70295.0
372589,11446,13,13.0,13,64,832.0
373131,10738,323,22.0,827,85,70295.0
373544,1452,340,18.0,340,594,201960.0
374279,10738,323,22.0,827,85,70295.0
374417,1,1,1.0,11,1,11.0
375226,10738,323,22.0,827,85,70295.0
375991,1,1,1.0,11,1,11.0
376969,10738,323,22.0,827,85,70295.0
379208,1,1,1.0,11,1,11.0
387174,13981,280,4.0,280,3374,944720.0
387202,17242,213,4.0,717,34,24378.0
387205,3026,259,4.0,763,1457,1111691.0
402778,3026,259,4.0,763,1457,1111691.0
402811,13981,280,4.0,280,3374,944720.0
402839,17242,213,4.0,717,34,24378.0
409087,3026,259,4.0,763,1457,1111691.0
409120,13981,280,4.0,280,3374,944720.0
409148,17242,213,4.0,717,34,24378.0
410640,13981,280,4.0,280,3374,944720.0
416510,1452,340,18.0,340,594,201960.0
422163,10726,171,10.0,170,688,116960.0
422164,2413,184,1.0,183,-1,-183.0
422165,14341,201,17.0,200,316,63200.0
422166,6510,218,11.0,217,49,10633.0
422167,17956,231,1.0,230,337,77510.0
422168,10125,248,18.0,247,1349,333203.0
422169,12053,264,11.0,263,782,205666.0
422170,4222,281,5.0,280,3374,944720.0
422171,15668,294,18.0,293,2443,715799.0
422172,7837,311,12.0,310,102,31620.0
422173,6,328,6.0,327,87,28449.0
422174,11452,341,19.0,340,594,201960.0
422175,3621,358,13.0,357,74,26418.0
422176,5549,374,6.0,373,69,25737.0
422177,7236,388,20.0,387,53,20511.0
422178,9164,404,13.0,403,333,134199.0
422179,1333,421,7.0,420,52,21840.0
422180,12779,434,20.0,433,29,12557.0
422181,4948,451,14.0,450,46,20700.0
422182,16876,468,8.0,467,742,346514.0
422183,8563,481,21.0,480,1700,816000.0
422184,732,498,15.0,497,539,267883.0
422185,2660,10,8.0,513,192,98496.0
422186,14588,27,2.0,530,415,219950.0
422187,6275,40,15.0,543,144,78192.0
422188,18203,57,9.0,560,151,84560.0
422189,13987,104,10.0,607,170,103190.0
422190,15915,120,3.0,623,176,109648.0
422191,17602,134,17.0,637,182,115934.0
422192,19530,150,10.0,653,-1,-653.0
422193,11699,167,4.0,670,585,391950.0
422194,3386,180,17.0,683,608,415264.0
422195,15314,197,11.0,700,733,513100.0
422196,7483,214,5.0,717,9,6453.0
422197,18929,227,18.0,730,337,246010.0
422198,11098,244,12.0,747,1364,1018908.0
422199,13026,260,5.0,763,1457,1111691.0
422200,5195,277,22.0,780,3399,2651220.0
422201,16641,290,12.0,793,1079,855647.0
422202,8810,307,6.0,810,148,119880.0
422203,979,324,1.0,827,248,205096.0
422204,12425,337,13.0,840,348,292320.0
422205,4594,354,7.0,857,59,50563.0
422206,6522,370,1.0,873,63,54999.0
422207,8209,384,14.0,887,159,141033.0
422208,10137,400,7.0,903,333,300699.0
422209,2306,417,1.0,920,39,35880.0
422210,13752,430,14.0,933,249,232317.0
422211,5921,447,8.0,950,364,345800.0
422212,17849,464,2.0,967,742,717514.0
422213,9536,477,15.0,980,1214,1189720.0
422214,1705,494,9.0,997,539,537383.0
422215,1687,14,14.0,13,195,2535.0
422216,13615,31,8.0,30,350,10500.0
422217,5302,44,21.0,43,73,3139.0
422218,17230,61,15.0,60,76,4560.0
422219,9399,78,9.0,77,79,6083.0
422220,1086,91,22.0,90,-1,-90.0
422221,13014,108,16.0,107,171,18297.0
422222,14942,124,9.0,123,89,10947.0
422223,16629,138,1.0,137,734,100558.0
422224,18557,154,16.0,153,570,87210.0
422249,6275,40,15.0,543,144,78192.0
422251,10372,74,3.0,577,158,91166.0
422252,2059,87,16.0,590,489,288510.0
422371,4948,451,14.0,450,46,20700.0
422585,8438,234,4.0,233,337,78521.0
422586,17477,391,1.0,390,333,129870.0
422587,13261,438,1.0,437,32,13984.0
422589,18804,484,1.0,483,742,358386.0
422590,10973,501,18.0,500,121,60500.0
422593,6757,44,19.0,547,73,39931.0
422600,3868,184,21.0,687,-1,-687.0
422603,9411,230,21.0,733,337,247021.0
422604,1580,247,15.0,750,1364,1023000.0
422608,5784,48,2.0,47,73,3431.0
422614,7111,141,3.0,140,184,25760.0
422617,2895,188,4.0,187,147,27489.0
422621,607,251,21.0,250,1349,337250.0
422624,16150,298,22.0,297,2443,725571.0
422646,8084,137,20.0,640,183,117120.0
422647,19530,150,-1.0,653,-1,-653.0
422656,17123,294,16.0,797,2443,1947071.0
422662,18450,387,17.0,890,53,47170.0
422665,14234,434,18.0,937,29,27173.0
422668,18,480,18.0,983,1700,1671100.0
422669,10000,1,1.0,11,1,11.0
422675,1086,91,22.0,90,-1,-90.0
422698,4948,451,14.0,450,46,20700.0
422762,4948,451,14.0,450,46,20700.0
423397,4948,451,14.0,450,46,20700.0
423430,1086,-1,22.0,90,-1,-90.0
423642,13261,438,1.0,437,32,13984.0
423817,13261,438,1.0,437,12,5244.0
423942,4948,451,14.0,450,46,20700.0
423996,4948,451,14.0,450,36,16200.0
424060,4948,451,14.0,450,36,16200.0
424432,4948,451,14.0,450,46,20700.0
426078,13261,438,1.0,437,32,13984.0
427401,13261,438,1.0,437,32,13984.0
428031,4948,451,14.0,450,46,20700.0
429074,13261,438,1.0,437,32,13984.0
429322,18804,484,8.0,483,742,358386.0
434876,6510,218,17.0,217,49,10633.0
444561,10137,400,7.0,903,333,300699.0
444592,17477,391,1.0,390,333,129870.0
444593,9164,404,13.0,403,333,134199.0
455193,6275,40,15.0,543,144,78192.0
459765,8160,57,10.0,560,151,84560.0
459766,3920,104,9.0,607,170,103190.0
459767,5840,120,1.0,623,176,109648.0
459768,7520,134,15.0,637,182,115934.0
459769,9440,150,7.0,653,-1,-653.0
459770,1600,167,1.0,670,585,391950.0
459771,13040,180,13.0,683,608,415264.0
459772,5200,197,6.0,700,733,513100.0
459773,17120,214,23.0,717,9,6453.0
459774,8800,227,12.0,730,337,246010.0
459775,960,244,5.0,747,1364,1018908.0
459776,2880,260,21.0,763,1457,1111691.0
459777,14800,277,14.0,780,3399,2651220.0
459778,6480,290,3.0,793,1079,855647.0
459779,18400,307,20.0,810,148,119880.0
459780,10560,324,13.0,827,248,205096.0
459781,2240,337,2.0,840,348,292320.0
459782,14160,354,19.0,857,59,50563.0
459783,16080,370,11.0,873,63,54999.0
459784,17760,384,1.0,887,159,141033.0
459785,11840,417,10.0,920,39,35880.0
459786,3520,430,23.0,933,249,232317.0
459787,15440,447,16.0,950,364,345800.0
459788,7600,464,9.0,967,742,717514.0
459789,19040,477,22.0,980,1214,1189720.0
459790,11200,494,15.0,997,539,537383.0
459791,11680,15,15.0,13,130,1690.0
459792,3840,32,8.0,30,561,16830.0
459793,15280,45,21.0,43,146,6278.0
459794,7440,62,14.0,60,76,4560.0
459795,19360,79,7.0,77,640,49280.0
459796,11040,92,20.0,90,-1,-90.0
459797,3200,109,13.0,107,516,55212.0
459798,5120,125,5.0,123,89,10947.0
459799,6800,139,19.0,137,552,75624.0
459800,8720,155,11.0,153,666,101898.0
459801,880,172,4.0,170,98,16660.0
459802,12320,185,17.0,183,-1,-183.0
459803,4480,202,10.0,200,846,169200.0
459804,16400,219,3.0,217,49,10633.0
459805,8080,232,16.0,230,337,77510.0
459806,240,249,9.0,247,1349,333203.0
459807,2160,265,1.0,263,782,205666.0
459808,14080,282,18.0,280,3374,944720.0
459809,5760,295,7.0,293,2443,715799.0
459810,17680,312,1.0,310,124,38440.0
459811,9840,329,17.0,327,236,77172.0
459812,1520,342,6.0,340,1431,486540.0
459813,13440,359,23.0,357,74,26418.0
459814,15360,375,15.0,373,4,1492.0
459815,17040,389,5.0,387,53,20511.0
459816,18960,405,21.0,403,333,134199.0
459817,11120,422,14.0,420,264,110880.0
459818,2800,435,3.0,433,35,15155.0
459819,14720,452,20.0,450,91,40950.0
459820,6880,469,13.0,467,742,346514.0
459821,18320,482,2.0,480,539,258720.0
459822,10480,499,19.0,497,53,26341.0
459823,12400,10,11.0,513,192,98496.0
459824,4560,27,4.0,530,415,219950.0
459825,16000,40,17.0,543,144,78192.0
459827,320,74,3.0,577,158,91166.0
459828,11760,87,16.0,590,489,288510.0
459848,19680,400,17.0,903,333,300699.0
459858,7440,62,14.0,60,76,4560.0
459878,15360,375,15.0,373,4,1492.0
459952,4560,27,4.0,530,415,219950.0
459986,7440,62,14.0,60,76,4560.0
460389,16000,40,17.0,543,144,78192.0
462076,13520,184,17.0,687,-1,-687.0
462078,11200,247,8.0,750,1364,1023000.0
462081,6960,294,7.0,797,2443,1947071.0
462087,8240,387,4.0,890,53,47170.0
462090,4000,434,3.0,937,29,27173.0
462093,9520,480,1.0,983,1700,1671100.0
462094,240,2,2.0,11,-1,-11.0
462097,15760,49,1.0,47,74,3478.0
462103,17040,142,22.0,140,-1,-140.0
462106,12800,189,21.0,187,196,36652.0
462109,18320,235,19.0,233,337,78521.0
462110,10480,252,12.0,250,1349,337250.0
462113,6240,299,11.0,297,2443,725571.0
462119,7520,392,8.0,390,1003,391170.0
462122,3280,439,7.0,437,28,12236.0
462125,8800,485,5.0,483,769,371427.0
462126,960,502,22.0,500,539,269500.0
462129,16480,44,21.0,547,73,39931.0
462135,17760,137,18.0,640,183,117120.0
462141,19040,230,15.0,733,337,247021.0
462184,3280,439,7.0,437,28,12236.0
462213,8240,-1,4.0,890,53,47170.0
462548,12800,189,21.0,187,196,36652.0
462765,5840,120,1.0,640,176,112640.0
463408,7440,62,14.0,60,76,4560.0
463416,12800,189,21.0,187,196,36652.0
464218,12800,189,21.0,187,196,36652.0
464512,8240,-1,4.0,890,-1,-890.0
465082,12800,189,21.0,187,196,36652.0
466049,11680,15,15.0,13,130,1690.0
467167,12800,189,21.0,187,196,36652.0
469526,12800,189,21.0,187,196,36652.0
469641,11680,15,15.0,13,130,1690.0
469792,3280,439,7.0,437,28,12236.0
470443,11680,15,15.0,13,130,1690.0
471681,11680,15,15.0,13,130,1690.0
472560,11680,15,15.0,13,130,1690.0
472998,7440,62,14.0,60,76,4560.0
473623,11680,15,15.0,13,130,1690.0
473888,12800,189,21.0,187,196,36652.0
474389,12800,189,21.0,187,196,36652.0
474693,11680,15,15.0,13,130,1690.0
475305,12800,189,21.0,187,196,36652.0
475870,12800,189,21.0,187,196,36652.0
475987,11680,15,15.0,13,130,1690.0
476682,11680,15,15.0,13,130,1690.0
477153,9520,480,1.0,985,1700,1674500.0
477154,3840,32,8.0,32,561,17952.0
477155,15760,49,1.0,49,74,3626.0
477156,7440,62,14.0,62,76,4712.0
477157,19360,79,7.0,79,640,50560.0
477158,11040,92,20.0,92,-1,-92.0
477159,5120,125,5.0,125,89,11125.0
477160,17040,142,22.0,142,-1,-142.0
477161,8720,155,11.0,155,666,103230.0
477162,880,172,4.0,172,98,16856.0
477163,12800,189,21.0,189,196,37044.0
477164,4480,202,10.0,202,846,170892.0
477165,16400,219,3.0,219,49,10731.0
477166,18320,235,19.0,235,337,79195.0
477167,10480,252,12.0,252,1349,339948.0
477168,2160,265,1.0,265,782,207230.0
477169,14080,282,18.0,282,3374,951468.0
477170,6240,299,11.0,299,2443,730457.0
477171,17680,312,1.0,312,124,38688.0
477172,9840,329,17.0,329,236,77644.0
477173,1520,342,6.0,342,1431,489402.0
477174,13440,359,23.0,359,74,26566.0
477175,15360,375,15.0,375,4,1500.0
477176,7520,392,8.0,392,1003,393176.0
477177,18960,405,21.0,405,333,134865.0
477178,11120,422,14.0,422,264,111408.0
477179,3280,439,7.0,439,28,12292.0
477180,14720,452,20.0,452,91,41132.0
477181,6880,469,13.0,469,742,347998.0
477182,8800,485,5.0,485,769,372965.0
477183,960,502,22.0,502,539,270578.0
477184,12400,10,11.0,515,192,98880.0
477185,4560,27,4.0,532,415,220780.0
477186,16480,44,21.0,549,73,40077.0
477187,8160,57,10.0,562,151,84862.0
477188,320,74,3.0,579,158,91482.0
477189,11760,87,16.0,592,489,289488.0
477190,3920,104,9.0,609,170,103530.0
477191,5840,120,1.0,625,176,110000.0
477192,17760,137,18.0,642,183,117486.0
477193,9440,150,7.0,655,-1,-655.0
477194,1600,167,1.0,672,585,393120.0
477195,13520,184,17.0,689,-1,-689.0
477196,5200,197,6.0,702,733,514566.0
477197,17120,214,23.0,719,9,6471.0
477198,19040,230,15.0,735,337,247695.0
477199,11200,247,8.0,752,1364,1025728.0
477200,2880,260,21.0,765,1457,1114605.0
477201,14800,277,14.0,782,3399,2658018.0
477202,6960,294,7.0,799,2443,1951957.0
477203,18400,307,20.0,812,148,120176.0
477204,10560,324,13.0,829,248,205592.0
477205,2240,337,2.0,842,348,293016.0
477206,14160,354,19.0,859,59,50681.0
477207,16080,370,11.0,875,63,55125.0
477208,8240,387,4.0,892,53,47276.0
477209,19680,400,17.0,905,333,301365.0
477210,11840,417,10.0,922,39,35958.0
477211,4000,434,3.0,939,29,27231.0
477212,15440,447,16.0,952,364,346528.0
477213,7600,464,9.0,969,742,718998.0
477215,240,2,2.0,2,-1,-2.0
477216,11680,15,15.0,15,130,1950.0
477222,3200,109,13.0,109,516,56244.0
477247,960,502,22.0,502,539,270578.0
477744,3280,439,7.0,439,28,12292.0
477792,12800,189,21.0,189,196,37044.0
477845,7440,62,14.0,62,76,4712.0
477933,960,502,22.0,502,539,270578.0
478314,960,502,22.0,502,539,270578.0
478570,960,502,22.0,502,539,270578.0
478614,12800,189,21.0,189,196,37044.0
478997,3280,439,7.0,439,28,12292.0
479238,960,502,22.0,502,539,270578.0
480027,12800,189,21.0,189,196,37044.0
480047,960,502,22.0,502,539,270578.0
480857,3280,439,7.0,439,28,12292.0
481177,3280,439,7.0,439,28,12292.0
481862,12800,189,21.0,189,196,37044.0
482262,3280,439,7.0,4,28,112.0
482546,3840,32,8.0,32,561,17952.0
483379,16400,219,3.0,219,49,10731.0
483402,320,74,3.0,579,158,91482.0
483425,4000,434,3.0,939,29,27231.0
483926,3840,32,8.0,32,561,17952.0
483951,3280,439,7.0,439,28,12292.0
485268,16400,219,3.0,219,49,10731.0
485291,320,74,3.0,579,158,91482.0
485311,4000,434,3.0,939,29,27231.0
485590,4000,434,3.0,939,29,27231.0
485603,16400,219,3.0,219,49,10731.0
485626,320,74,3.0,579,158,91482.0
485657,7440,62,14.0,62,76,4712.0
491029,3280,439,7.0,439,28,12292.0
491210,3280,439,7.0,439,28,12292.0
491640,3280,439,7.0,439,28,12292.0
492069,3280,439,7.0,439,28,12292.0
492937,16400,219,3.0,219,49,10731.0
492951,3280,439,7.0,439,28,12292.0
492960,320,74,3.0,579,158,91482.0
492983,4000,434,3.0,939,29,27231.0
496563,7440,62,14.0,62,76,4712.0
498103,12800,189,21.0,189,196,37044.0
499111,12800,189,21.0,189,196,37044.0
503033,3280,439,7.0,439,28,12292.0
504342,12800,189,21.0,189,196,37044.0
504660,8720,155,11.0,155,666,103230.0
504916,8720,155,11.0,155,666,103230.0
504918,12800,189,21.0,189,196,37044.0
505600,7440,62,14.0,62,76,4712.0
508066,7440,62,14.0,62,76,4712.0
514451,5760,295,7.0,295,2443,720685.0
514457,17040,389,5.0,389,53,20617.0
514460,2800,435,3.0,435,35,15225.0
514463,18320,482,2.0,482,539,259798.0
514464,10480,499,19.0,499,53,26447.0
514467,16000,40,17.0,545,144,78480.0
514473,7520,134,15.0,639,182,116298.0
514476,13040,180,13.0,685,608,416480.0
514479,8800,227,12.0,732,337,246684.0
514482,6480,290,3.0,795,1079,857805.0
514488,17760,384,1.0,889,159,141351.0
514491,3520,430,23.0,935,249,232815.0
514494,19040,477,22.0,982,1214,1192148.0
514495,11200,494,15.0,999,539,538461.0
514498,15280,45,21.0,45,146,6570.0
514504,6800,139,19.0,139,552,76728.0
514507,12320,185,17.0,185,-1,-185.0
514510,8080,232,16.0,232,337,78184.0
514511,240,249,9.0,249,1349,335901.0
514605,960,244,5.0,749,1364,1021636.0
514678,1440,495,16.0,1000,539,539000.0
514679,1920,16,16.0,16,457,7312.0
514680,13840,33,9.0,33,-1,-33.0
514681,5520,46,22.0,46,440,20240.0
514682,17440,63,15.0,63,76,4788.0
514683,9600,80,8.0,80,721,57680.0
514684,1280,93,21.0,93,-1,-93.0
514685,13200,110,14.0,110,517,56870.0
514686,15120,126,6.0,126,89,11214.0
514687,16800,140,20.0,140,829,116060.0
514688,18720,156,12.0,156,190,29640.0
514689,10880,173,5.0,173,889,153797.0
514690,2560,186,18.0,186,-1,-186.0
514691,14480,203,11.0,203,848,172144.0
514692,6640,220,4.0,220,49,10780.0
514693,18080,233,17.0,233,337,78521.0
514694,10240,250,10.0,250,1349,337250.0
514695,12160,266,2.0,266,782,208012.0
514696,4320,283,19.0,283,3374,954842.0
514697,15760,296,8.0,296,2443,723128.0
514698,7920,313,1.0,313,44,13772.0
514699,80,330,18.0,330,327,107910.0
514700,11520,343,7.0,343,1431,490833.0
514701,3680,360,1.0,360,89,32040.0
514702,5600,376,16.0,376,9,3384.0
514703,7280,390,6.0,390,1003,391170.0
514704,9200,406,22.0,406,333,135198.0
514705,1360,423,15.0,423,264,111672.0
514706,12800,436,4.0,436,21,9156.0
514707,4960,453,21.0,453,106,48018.0
514708,16880,470,14.0,470,742,348740.0
514709,8560,483,3.0,483,742,358386.0
514710,720,500,20.0,500,101,50500.0
514711,2640,11,12.0,516,193,99588.0
514712,14560,28,5.0,533,-1,-533.0
514713,6240,41,18.0,546,144,78624.0
514714,18160,58,11.0,563,151,85013.0
514715,10320,75,4.0,580,475,275500.0
514716,2000,88,17.0,593,-1,-593.0
514717,13920,105,10.0,610,85,51850.0
514718,15840,121,2.0,626,176,110176.0
514719,17520,135,16.0,640,547,350080.0
514720,19440,151,8.0,656,-1,-656.0
514721,11600,168,1.0,673,-1,-673.0
514722,3280,181,14.0,686,914,627004.0
514723,15200,198,7.0,703,630,442890.0
514724,7360,215,1.0,720,9,6480.0
514725,18800,228,13.0,733,337,247021.0
514726,10960,245,6.0,750,1364,1023000.0
514727,12880,261,22.0,766,1457,1116062.0
514728,5040,278,15.0,783,3399,2661417.0
514729,16480,291,4.0,796,1079,858884.0
514730,8640,308,21.0,813,175,142275.0
514731,800,325,14.0,830,330,273900.0
514732,12240,338,3.0,843,594,500742.0
514733,4400,355,20.0,860,59,50740.0
514734,6320,371,12.0,876,63,55188.0
514735,8000,385,2.0,890,54,48060.0
514736,9920,401,18.0,906,333,301698.0
514737,2080,418,11.0,923,52,47996.0
514738,13520,431,1.0,936,249,233064.0
514739,5680,448,17.0,953,249,237297.0
514740,17600,465,10.0,970,742,719740.0
514741,9280,478,23.0,983,1700,1671100.0
514841,6240,41,-1.0,546,144,78624.0
514874,17440,63,-1.0,63,76,4788.0
514986,8640,308,21.0,813,175,142275.0
517577,8640,308,21.0,813,175,142275.0
518162,17520,393,9.0,393,1003,394179.0
518165,13280,440,8.0,440,40,17600.0
518168,18800,486,6.0,486,769,373734.0
518169,10960,503,23.0,503,539,271117.0
518172,6720,45,22.0,550,146,80300.0
518178,8000,138,19.0,643,734,471962.0
518181,3760,185,18.0,690,-1,-690.0
518184,9280,231,16.0,736,337,248032.0
518185,1440,248,9.0,753,1349,1015797.0
518188,16960,295,8.0,800,2443,1954400.0
518194,18240,388,5.0,893,53,47329.0
518197,14000,435,4.0,940,35,32900.0
518200,19520,481,2.0,986,1700,1676200.0
518201,10240,3,3.0,3,2,6.0
518204,6000,50,2.0,50,445,22250.0
518210,7280,143,23.0,143,-1,-143.0
518213,3040,190,22.0,190,133,25270.0
518216,8560,236,20.0,236,594,140184.0
518217,720,253,13.0,253,1364,345092.0
518220,16240,300,12.0,300,2443,732900.0
518326,19520,481,-1.0,986,1700,1676200.0
518391,10240,3,3.0,3,2,6.0
519008,12240,338,3.0,843,594,500742.0
519018,10240,3,3.0,3,2,6.0
519082,10240,3,3.0,3,2,6.0
520720,12240,338,3.0,843,594,500742.0
520730,10240,3,3.0,3,2,6.0
520794,10240,3,3.0,3,2,6.0
521048,10240,3,3.0,3,2,6.0
521102,12240,338,3.0,843,594,500742.0
521610,10240,3,3.0,3,2,6.0
522163,12240,338,3.0,843,594,500742.0
522173,10240,3,3.0,3,2,6.0
522237,10240,3,3.0,3,2,6.0
522831,80,330,18.0,330,327,107910.0
524586,10240,3,3.0,3,2,6.0
524607,80,330,18.0,330,327,107910.0
524640,12240,338,3.0,843,594,500742.0
525223,10240,3,3.0,3,2,6.0
526180,80,330,18.0,330,327,107910.0
527284,8640,308,21.0,813,175,142275.0
528050,10240,3,3.0,3,2,6.0
530238,8640,308,21.0,813,175,142275.0
535981,2000,88,4.0,593,-1,-593.0
549146,11600,168,-1.0,673,-1,-673.0
549251,7920,313,1.0,313,44,13772.0
549510,3680,360,1.0,360,89,32040.0
549643,11600,168,1.0,673,-1,-673.0
550131,80,330,18.0,330,327,107910.0
550151,8000,138,19.0,643,734,471962.0
550153,11600,168,1.0,673,-1,-673.0
550154,3760,185,18.0,690,-1,-690.0
550165,4400,355,20.0,860,59,50740.0
550168,9920,401,18.0,906,333,301698.0
550189,8560,236,20.0,236,594,140184.0
550192,4320,283,19.0,283,3374,954842.0
550284,7360,215,1.0,720,9,6480.0
550450,7920,313,-1.0,313,44,13772.0
550642,7920,313,-1.0,313,44,13772.0
550706,7920,313,1.0,313,44,13772.0
550732,7360,215,1.0,720,9,6480.0
551730,11360,166,23.0,671,389,261019.0
551731,3040,179,12.0,684,910,622440.0
551732,18560,226,11.0,731,1431,1046061.0
551733,10720,243,4.0,748,337,252076.0
551734,12640,259,20.0,764,1457,1113148.0
551735,4800,276,13.0,781,3399,2654619.0
551736,16240,289,2.0,794,2294,1821436.0
551737,8400,306,19.0,811,1120,908320.0
551738,560,323,12.0,828,85,70380.0
551739,12000,336,1.0,841,348,292668.0
551740,4160,353,18.0,858,44,37752.0
551741,6080,369,10.0,874,63,55062.0
551742,7760,383,1.0,888,21,18648.0
551743,9680,399,16.0,904,121,109384.0
551744,1840,416,9.0,921,27,24867.0
551745,13280,429,22.0,934,249,232566.0
551746,5440,446,15.0,951,80,76080.0
551747,17360,463,8.0,968,742,718256.0
551748,9040,476,21.0,981,1214,1190934.0
551749,1200,493,14.0,998,564,562872.0
551750,1680,14,14.0,14,195,2730.0
551751,13600,31,7.0,31,350,10850.0
551752,5280,44,20.0,44,73,3212.0
551753,17200,61,13.0,61,76,4636.0
551754,9360,78,6.0,78,79,6162.0
551755,1040,91,19.0,91,-1,-91.0
551756,12960,108,12.0,108,171,18468.0
551757,14880,124,4.0,124,89,11036.0
551758,16560,138,18.0,138,734,101292.0
551759,18480,154,10.0,154,570,87780.0
551760,10640,171,3.0,171,688,117648.0
551761,2320,184,16.0,184,-1,-184.0
551762,14240,201,9.0,201,316,63516.0
551763,6400,218,2.0,218,49,10682.0
551764,17840,231,15.0,231,337,77847.0
551765,10000,248,8.0,248,1349,334552.0
551766,11920,264,1.0,264,782,206448.0
551767,4080,281,17.0,281,3374,948094.0
551768,15520,294,6.0,294,2443,718242.0
551769,7680,311,23.0,311,102,31722.0
551770,19600,328,16.0,328,87,28536.0
551771,11280,341,5.0,341,594,202554.0
551772,3440,358,22.0,358,74,26492.0
551773,5360,374,14.0,374,69,25806.0
551774,7040,388,4.0,388,53,20564.0
551775,8960,404,20.0,404,333,134532.0
551776,1120,421,13.0,421,52,21892.0
551777,12560,434,2.0,434,29,12586.0
551778,4720,451,19.0,451,46,20746.0
551779,16640,468,12.0,468,742,347256.0
551780,8320,481,1.0,481,1700,817700.0
551781,480,498,18.0,498,539,268422.0
551782,2400,9,10.0,514,-1,-514.0
551783,14320,26,3.0,531,-1,-531.0
551784,6000,39,16.0,544,144,78336.0
551785,17920,56,9.0,561,75,42075.0
551786,10080,73,2.0,578,472,272816.0
551787,1760,86,15.0,591,-1,-591.0
551788,13680,103,8.0,608,169,102752.0
551789,15600,119,1.0,624,88,54912.0
551790,17280,133,14.0,638,90,57420.0
551791,19200,149,6.0,654,564,368856.0
551794,14960,196,5.0,701,418,293018.0
551795,7120,213,22.0,718,34,24412.0
551878,5280,44,20.0,44,73,3212.0
551880,1040,91,19.0,91,-1,-91.0
551883,16560,138,18.0,138,734,101292.0
551900,8960,404,20.0,404,333,134532.0
551903,4720,451,19.0,451,46,20746.0
551906,480,498,18.0,498,539,268422.0
551923,12640,259,20.0,764,1457,1113148.0
551926,8400,306,19.0,811,1120,908320.0
551929,4160,353,18.0,858,44,37752.0
552052,8400,306,19.0,811,1120,908320.0
552055,4160,353,18.0,858,44,37752.0
552067,5280,44,20.0,44,73,3212.0
552070,1040,91,19.0,91,-1,-91.0
552073,16560,138,18.0,138,734,101292.0
552090,8960,404,20.0,404,333,134532.0
552093,4720,451,19.0,451,46,20746.0
552096,480,498,18.0,498,539,268422.0
552113,12640,259,20.0,764,1457,1113148.0
552757,560,323,12.0,828,85,70380.0
553239,3520,183,16.0,688,306,210528.0
553241,9040,229,14.0,734,337,247358.0
553244,16720,293,6.0,798,1079,861042.0
553250,18000,386,3.0,891,53,47223.0
553253,13760,433,2.0,938,24,22512.0
553256,19280,479,1.0,984,1700,1672800.0
553257,10000,1,1.0,1,1,1.0
553260,5760,48,1.0,48,73,3504.0
553266,7040,141,21.0,141,184,25944.0
553269,2800,188,20.0,188,147,27636.0
553272,8320,234,18.0,234,337,78858.0
553273,480,251,11.0,251,1349,338599.0
553276,16000,298,10.0,298,2443,728014.0
553282,17280,391,7.0,391,333,130203.0
553285,13040,438,6.0,438,32,14016.0
553288,18560,484,4.0,484,742,359128.0
553289,10720,501,21.0,501,121,60621.0
553292,6480,43,20.0,548,72,39456.0
553298,7760,136,17.0,641,548,351268.0
553305,1200,246,7.0,751,1364,1024364.0
553336,8320,234,18.0,234,337,78858.0
553395,2800,188,20.0,188,147,27636.0
553409,8960,404,20.0,404,333,134532.0
553412,4720,451,19.0,451,46,20746.0
553418,6480,43,20.0,548,72,39456.0
553432,12640,259,20.0,764,1457,1113148.0
553435,8400,306,19.0,811,1120,908320.0
553438,4160,353,18.0,858,44,37752.0
553453,1040,91,19.0,91,-1,-91.0
553459,2800,188,20.0,188,147,27636.0
553462,8320,234,18.0,234,337,78858.0
553976,11920,264,1.0,264,782,206448.0
553999,15600,119,1.0,624,88,54912.0
554013,12000,336,1.0,841,348,292668.0
554022,19280,479,1.0,984,1700,1672800.0
554023,10000,1,1.0,1,1,1.0
554026,5760,48,1.0,48,73,3504.0
554040,11920,264,1.0,264,782,206448.0
554063,15600,119,1.0,624,88,54912.0
554077,12000,336,1.0,841,348,292668.0
554086,19280,479,1.0,984,1700,1672800.0
554087,10000,1,1.0,1,1,1.0
554090,5760,48,1.0,48,73,3504.0
554651,12000,336,1.0,841,348,292668.0
554660,19280,479,1.0,984,1700,1672800.0
554661,10000,1,1.0,1,1,1.0
554664,5760,48,1.0,48,73,3504.0
554678,11920,264,1.0,264,782,206448.0
554699,15600,119,1.0,624,88,54912.0
559295,560,323,12.0,828,85,70380.0
562527,10000,1,1.0,1,1,1.0
563341,10000,1,1.0,1,1,1.0
563974,10000,1,1.0,1,1,1.0
565077,11360,166,23.0,671,389,261019.0
565116,7680,311,23.0,311,102,31722.0
565542,10000,1,1.0,1,1,1.0
566984,10000,1,1.0,1,1,1.0
568811,10000,1,1.0,1,1,1.0
570460,10000,1,1.0,1,1,1.0
573608,11360,166,23.0,671,389,261019.0
573649,7680,311,23.0,311,102,31722.0
574912,7680,311,23.0,311,102,31722.0
574935,11360,166,23.0,671,389,261019.0
578631,7680,311,23.0,311,102,31722.0
578652,11360,166,23.0,671,389,261019.0
579341,11360,166,23.0,671,389,261019.0
579382,7680,311,23.0,311,102,31722.0
583306,12960,108,12.0,10,171,1710.0
585711,7680,311,23.0,311,102,31722.0
585734,11360,166,23.0,671,389,261019.0
586118,11360,166,23.0,671,389,261019.0
586159,7680,311,23.0,311,102,31722.0
587376,1200,246,7.0,751,1364,1024364.0
587394,13600,31,7.0,31,350,10850.0
587417,17280,391,7.0,391,333,130203.0
588351,13600,31,7.0,31,350,10850.0
588374,17280,391,7.0,391,333,130203.0
588397,1200,246,7.0,751,1364,1024364.0
589076,17280,391,7.0,391,333,130203.0
589099,1200,246,7.0,751,1364,1024364.0
589117,13600,31,7.0,31,350,10850.0
589532,17120,214,23.0,719,9,6471.0
589537,6960,294,7.0,799,2443,1951957.0
589555,19360,79,7.0,79,640,50560.0
589573,13440,359,23.0,359,74,26566.0
589578,3280,439,7.0,439,28,12292.0
589592,9440,150,7.0,655,-1,-655.0
590126,240,2,2.0,2,-1,-2.0
590537,3280,439,7.0,439,28,12292.0
590551,9440,150,7.0,655,-1,-655.0
590560,6960,294,7.0,799,2443,1951957.0
590578,19360,79,7.0,79,640,50560.0
590791,3280,439,7.0,439,28,12292.0
591658,13440,359,23.0,359,74,26566.0
591681,17120,214,23.0,719,9,6471.0
592456,7440,62,14.0,62,76,4712.0
592736,3280,439,7.0,439,28,12292.0
592750,9440,150,7.0,655,-1,-655.0
592759,6960,294,7.0,799,2443,1951957.0
592777,19360,79,7.0,79,640,50560.0
592923,13440,359,23.0,359,74,26566.0
593000,17120,214,23.0,719,9,6471.0
593045,3280,439,7.0,439,28,12292.0
593123,9440,150,7.0,655,-1,-655.0
593132,6960,294,7.0,799,2443,1951957.0
593150,19360,79,7.0,79,640,50560.0
593173,3280,439,7.0,439,28,12292.0
594313,6960,294,7.0,799,2443,1951957.0
594331,19360,79,7.0,79,640,50560.0
594354,3280,439,7.0,439,28,12292.0
594360,9440,150,7.0,655,-1,-655.0
594374,7440,62,14.0,62,76,4712.0
595160,17120,214,23.0,719,9,6471.0
595201,13440,359,23.0,359,74,26566.0
595526,3280,439,7.0,439,28,12292.0
595547,6960,294,7.0,799,2443,1951957.0
595565,19360,79,7.0,79,640,50560.0
595602,9440,150,7.0,655,-1,-655.0
595669,17120,214,23.0,719,9,6471.0
595710,13440,359,23.0,359,74,26566.0
596937,8240,-1,4.0,892,-1,-892.0
598639,3520,430,23.0,935,249,232815.0
599254,16000,40,17.0,545,144,78480.0
600030,17120,214,23.0,719,9,6471.0
600044,3520,430,23.0,935,249,232815.0
600071,13440,359,23.0,359,74,26566.0
605432,13440,359,23.0,359,74,26566.0
605455,17120,214,23.0,719,9,6471.0
609599,13440,359,23.0,359,74,26566.0
609622,17120,214,23.0,719,9,6471.0
612502,13440,359,23.0,359,74,26566.0
612525,17120,214,23.0,719,9,6471.0
613393,13440,359,23.0,359,74,26566.0
613416,17120,214,23.0,719,9,6471.0
614610,17120,214,23.0,719,9,6471.0
614651,13440,359,23.0,359,74,26566.0
614843,13440,359,23.0,359,74,26566.0
614866,17120,214,23.0,719,9,6471.0
617533,3520,430,23.0,935,249,232815.0
618578,3520,430,23.0,935,249,232815.0
618766,3520,430,23.0,935,249,232815.0
620033,7600,464,9.0,969,742,718998.0
620072,320,74,3.0,579,158,91482.0
620077,9440,150,7.0,655,-1,-655.0
622260,8720,155,11.0,155,666,103230.0
627118,12320,185,17.0,185,-1,-185.0
627121,8080,232,16.0,232,337,78184.0
627127,9840,329,17.0,329,236,77644.0
627130,15360,375,15.0,375,4,1500.0
627141,16000,40,17.0,545,144,78480.0
627144,11760,87,16.0,592,489,289488.0
627147,7520,134,15.0,639,182,116298.0
627164,19680,400,17.0,905,333,301365.0
627167,15440,447,16.0,952,364,346528.0
627170,11200,494,15.0,999,539,538461.0
627171,11680,15,15.0,15,130,1950.0
627348,5040,278,15.0,783,3399,2661417.0
627359,5680,448,17.0,953,249,237297.0
627362,1440,495,16.0,1000,539,539000.0
627363,1920,16,16.0,16,457,7312.0
627366,17440,63,15.0,63,76,4788.0
627377,18080,233,17.0,233,337,78521.0
627386,5600,376,16.0,376,9,3384.0
627389,1360,423,15.0,423,264,111672.0
627400,2000,88,17.0,593,-1,-593.0
627403,17520,135,16.0,640,547,350080.0
628048,8640,308,21.0,813,175,142275.0
628687,8640,308,21.0,813,175,142275.0
628714,18080,233,17.0,233,337,78521.0
628723,5600,376,16.0,376,9,3384.0
628726,1360,423,15.0,423,264,111672.0
628737,2000,88,17.0,593,-1,-593.0
628740,17520,135,16.0,640,547,350080.0
628749,5040,278,15.0,783,3399,2661417.0
628760,5680,448,17.0,953,249,237297.0
628763,1440,495,16.0,1000,539,539000.0
628764,1920,16,16.0,16,457,7312.0
628767,17440,63,15.0,63,76,4788.0
649464,7280,143,10.0,143,-1,-143.0
649563,3760,185,10.0,690,-1,-690.0
649635,8640,308,21.0,813,175,142275.0
650685,8640,308,21.0,813,175,142275.0
666347,12960,108,12.0,108,171,18468.0
666635,560,323,12.0,828,85,70380.0
667339,560,323,12.0,828,85,70380.0
676346,9360,78,6.0,78,79,6162.0
677669,9360,78,6.0,78,79,6162.0
687382,11280,341,5.0,341,594,202554.0
689739,13680,103,8.0,608,169,102752.0
690556,13680,103,8.0,6,169,1014.0
698915,1120,438,13.0,438,32,14016.0
702498,240,249,9.0,249,1349,335901.0
703248,8720,155,11.0,155,666,103230.0
704142,15360,375,15.0,375,4,1500.0
704221,240,2,2.0,2,-1,-2.0
704487,8720,155,11.0,155,666,103230.0
704668,12800,189,21.0,189,196,37044.0
705045,12800,189,21.0,189,196,37044.0
705732,5120,125,5.0,125,89,11125.0
706665,5120,125,5.0,125,89,11125.0
706691,4560,27,4.0,532,415,220780.0
709104,8720,155,11.0,155,666,103230.0
709614,8720,155,11.0,155,666,103230.0
713415,15360,375,15.0,375,4,1500.0
713627,8240,387,4.0,892,-1,-892.0
714465,240,2,-1.0,2,-1,-2.0
714519,2240,337,-1.0,842,348,293016.0
717107,240,2,2.0,2,-1,-2.0
717161,2240,337,2.0,842,348,293016.0
718900,10480,252,12.0,252,1349,339948.0
719818,7440,62,14.0,62,76,4712.0
719966,15360,375,15.0,375,4,1500.0
720060,2240,337,2.0,842,348,293016.0
720070,240,2,2.0,2,-1,-2.0
732997,15360,375,15.0,375,4,1500.0
735622,8240,387,4.0,892,53,47276.0
739486,3280,439,7.0,439,28,12292.0
749782,6000,50,2.0,50,445,22250.0
749796,12160,266,2.0,266,782,208012.0
749819,15840,121,2.0,626,176,110176.0
749842,19520,481,2.0,986,1700,1676200.0
749846,6000,50,2.0,50,445,22250.0
750011,15840,121,2.0,626,176,110176.0
750034,19520,481,2.0,986,1700,1676200.0
750038,6000,50,2.0,50,445,22250.0
750052,12160,266,2.0,266,782,208012.0
750102,6000,50,2.0,50,445,22250.0
750116,12160,266,2.0,266,782,208012.0
750139,15840,121,2.0,626,176,110176.0
750162,19520,481,2.0,986,1700,1676200.0
750864,19520,481,2.0,986,1700,1676200.0
750868,6000,50,2.0,50,445,22250.0
750882,12160,266,2.0,266,782,208012.0
750905,15840,121,2.0,626,176,110176.0
751374,18720,156,12.0,156,190,29640.0
758204,12160,266,2.0,266,782,208012.0
758227,15840,121,2.0,626,176,110176.0
758250,19520,481,-1.0,986,1700,1676200.0
758254,6000,50,2.0,50,445,22250.0
758314,19520,481,2.0,986,1700,1676200.0
758704,12160,266,2.0,266,782,208012.0
758748,19520,481,2.0,986,1700,1676200.0
758752,6000,50,2.0,50,445,22250.0
758789,15840,121,2.0,626,176,110176.0
762170,80,330,18.0,330,327,107910.0
762298,80,330,18.0,330,327,107910.0
771212,15840,121,2.0,626,176,110176.0
771235,19520,481,2.0,986,1700,1676200.0
771239,6000,50,2.0,50,445,22250.0
771253,12160,266,2.0,266,782,208012.0
771317,12160,266,2.0,266,782,208012.0
771340,15840,121,2.0,626,176,110176.0
771363,19520,481,2.0,986,1700,1676200.0
771367,6000,50,2.0,50,445,22250.0
771404,15840,121,2.0,626,176,110176.0
771427,19520,481,2.0,986,1700,1676200.0
773273,12160,266,2.0,266,782,208012.0
774712,8560,236,20.0,236,594,140184.0
775356,80,330,18.0,330,327,107910.0
775599,80,330,18.0,330,327,107910.0
775833,19520,481,-1.0,986,1700,1676200.0
776322,8000,385,2.0,890,54,48060.0
776986,12160,266,2.0,266,782,208012.0
777009,15840,121,2.0,626,176,110176.0
777026,8000,385,2.0,890,54,48060.0
777213,8640,308,21.0,813,175,142275.0
778035,10080,73,2.0,578,472,272816.0
778065,10080,73,2.0,578,472,272816.0
778934,13760,433,2.0,938,24,22512.0
779404,12960,108,12.0,108,171,18468.0
779689,6400,218,2.0,218,49,10682.0
780094,5360,374,22.0,374,69,25806.0
781564,10000,1,1.0,1,1,1.0
781821,1040,91,6.0,91,-1,-91.0
783849,4800,276,20.0,781,3399,2654619.0
784330,13760,433,2.0,938,24,22512.0
784781,12960,108,12.0,124,171,21204.0
784826,7040,141,4.0,141,184,25944.0
785059,6400,218,2.0,218,49,10682.0
785853,10720,501,4.0,501,121,60621.0
786092,10080,73,2.0,578,472,272816.0
788659,6480,56,20.0,561,75,42075.0
789088,7120,213,22.0,734,34,24956.0
790071,12960,108,12.0,108,171,18468.0
792804,12960,108,12.0,108,171,18468.0
793940,2400,9,10.0,531,-1,-531.0
794431,7120,213,5.0,718,34,24412.0
795188,17360,479,8.0,984,1700,1672800.0
797187,11360,166,6.0,671,389,261019.0
798060,5440,446,15.0,968,80,77440.0
798107,19280,479,8.0,984,1700,1672800.0
798496,12960,108,12.0,108,171,18468.0
801031,10000,1,1.0,1,1,1.0
803370,560,323,12.0,828,85,70380.0
803393,560,323,12.0,828,85,70380.0
803904,10000,1,1.0,1,1,1.0
804206,12960,108,12.0,108,171,18468.0
805054,13040,438,13.0,438,32,14016.0
805589,1760,86,15.0,608,-1,-608.0
806209,560,323,12.0,828,85,70380.0
806940,12960,108,12.0,108,171,18468.0
808969,560,323,12.0,828,85,70380.0
809547,13600,31,14.0,31,350,10850.0
811672,560,323,12.0,828,85,70380.0
812058,10000,1,1.0,1,1,1.0
812976,4080,298,17.0,298,2443,728014.0
814993,10000,1,1.0,1,1,1.0
815188,12960,108,12.0,108,171,18468.0
816857,560,323,12.0,828,85,70380.0
817683,12960,108,19.0,108,171,18468.0
818809,15600,119,1.0,641,88,56408.0
819654,10000,1,1.0,1,1,1.0
821346,1760,103,15.0,608,169,102752.0
821762,560,323,12.0,828,85,70380.0
822003,9680,399,16.0,921,121,111441.0
822299,10000,1,1.0,1,1,1.0
822423,5760,48,7.0,48,73,3504.0
825002,10000,1,1.0,1,1,1.0
825307,12960,108,12.0,10,171,1710.0
826949,4720,451,19.0,451,46,20746.0
827716,7120,229,22.0,734,337,247358.0
828454,1680,14,1.0,14,195,2730.0
828731,12960,108,12.0,1,171,171.0
830075,13680,103,8.0,608,169,102752.0
830657,8400,306,19.0,828,1120,927360.0
831149,10000,1,1.0,1,1,1.0
831188,10000,14,1.0,14,195,2730.0
833322,1200,246,14.0,751,1364,1024364.0
834068,10000,1,1.0,1,1,1.0
834942,16000,298,17.0,298,2443,728014.0
835451,4720,451,19.0,451,46,20746.0
837048,10000,1,1.0,1,1,1.0
837572,2800,188,3.0,188,147,27636.0
837983,19600,328,23.0,328,87,28536.0
840037,10000,1,1.0,1,1,1.0
840269,9360,91,6.0,91,-1,-91.0
840698,6400,234,2.0,234,337,78858.0
842119,560,323,12.0,828,85,70380.0
842844,12960,108,12.0,108,171,18468.0
845268,19280,479,1.0,1,1700,1700.0
845654,14880,124,4.0,141,89,12549.0
847187,11360,166,23.0,688,389,267632.0
847233,14960,196,16.0,701,418,293018.0
848385,12960,108,12.0,108,171,18468.0
852171,10080,73,9.0,578,472,272816.0
853391,12960,108,12.0,1,171,171.0
853505,18480,154,21.0,154,570,87780.0
855136,10640,171,10.0,171,688,117648.0
855473,3440,358,22.0,374,74,27676.0
855589,8960,404,20.0,421,333,140193.0
856207,7760,149,17.0,654,564,368856.0
856337,3520,183,16.0,701,306,214506.0
857387,12960,108,12.0,108,171,18468.0
859914,17200,78,13.0,78,79,6162.0
860711,3440,358,5.0,358,74,26492.0
861031,16640,468,19.0,468,742,347256.0
862297,1840,416,16.0,921,27,24867.0
866953,18000,386,3.0,891,53,47223.0
867737,10640,171,3.0,171,688,117648.0
868763,14320,26,3.0,531,-1,-531.0
869814,13600,48,7.0,48,73,3504.0
870218,18480,171,10.0,171,688,117648.0
870247,10640,171,3.0,171,688,117648.0
870622,7680,311,23.0,311,102,31722.0
871237,14320,26,3.0,531,-1,-531.0
871622,11360,166,23.0,671,389,261019.0
872250,14880,124,4.0,124,89,11036.0
872669,11920,281,1.0,281,3374,948094.0
873214,18560,484,4.0,484,742,359128.0
874281,18000,386,3.0,891,53,47223.0
874314,18000,386,3.0,891,53,47223.0
874489,5440,463,15.0,968,742,718256.0
875058,10640,171,3.0,171,688,117648.0
876110,14320,26,3.0,531,-1,-531.0
877844,14880,124,4.0,124,89,11036.0
877870,14880,124,4.0,124,89,11036.0
877992,10640,171,3.0,171,688,117648.0
879044,14320,26,10.0,531,-1,-531.0
879045,14320,26,3.0,531,-1,-531.0
879665,4800,293,13.0,798,1079,861042.0
880469,1040,91,19.0,108,-1,-108.0
882175,14960,196,5.0,718,418,300124.0
883199,12960,108,12.0,1,171,171.0
883859,11280,358,5.0,358,74,26492.0
888047,4160,353,1.0,858,44,37752.0
888732,12960,108,12.0,1,171,171.0
889427,11280,341,5.0,341,594,202554.0
894074,12960,108,12.0,108,171,18468.0
896837,12960,108,12.0,108,171,18468.0
896843,12960,108,12.0,108,171,18468.0
899602,12960,108,12.0,108,171,18468.0
900466,1120,421,20.0,421,52,21892.0
902420,12960,108,12.0,108,171,18468.0
903032,7680,328,23.0,328,87,28536.0
903314,8960,421,20.0,421,52,21892.0
904687,11280,341,5.0,341,594,202554.0
907768,2400,26,10.0,531,-1,-531.0
908512,8400,306,6.0,811,1120,908320.0
909325,12960,108,12.0,108,171,18468.0
910285,4720,451,6.0,451,46,20746.0
910562,6480,43,3.0,548,72,39456.0
912624,4080,281,1.0,281,3374,948094.0
912888,3440,374,22.0,374,69,25806.0
913422,17920,56,20.0,561,75,42075.0
918432,4080,281,17.0,298,3374,1005452.0
918965,16640,484,12.0,484,742,359128.0
919247,17920,73,9.0,578,472,272816.0
919516,19200,166,6.0,671,389,261019.0
920606,14880,124,12.0,124,89,11036.0
927466,3520,196,16.0,701,418,293018.0
930440,12000,336,1.0,841,348,292668.0
930471,12000,336,1.0,841,348,292668.0
935340,1760,86,15.0,591,-1,-591.0
935366,13680,103,15.0,608,169,102752.0
936462,10000,1,1.0,1,1,1.0
937041,14240,201,20.0,201,316,63516.0
937274,11920,264,1.0,281,782,219742.0
937624,8960,404,7.0,404,333,134532.0
938092,17920,56,9.0,561,-1,-561.0
938862,12000,336,12.0,841,348,292668.0
940432,17280,391,7.0,391,333,130203.0
940453,8960,404,20.0,404,333,134532.0
941527,12640,259,20.0,781,1457,1137917.0
942278,5760,48,1.0,48,-1,-48.0
942342,17200,61,13.0,61,-1,-61.0
944127,3520,183,23.0,688,306,210528.0
944335,1200,259,7.0,764,1457,1113148.0
944415,16720,293,13.0,798,1079,861042.0
946476,2400,9,21.0,514,-1,-514.0
946704,10080,86,2.0,591,-1,-591.0
946975,11360,183,23.0,688,306,210528.0
948036,17200,61,1.0,61,76,4636.0
948788,7680,311,23.0,328,102,33456.0
951078,7040,141,21.0,154,184,28336.0
951808,8960,404,20.0,404,333,134532.0
954464,17280,391,7.0,391,333,130203.0
955825,18000,386,3.0,891,53,47223.0
957481,4720,468,19.0,468,742,347256.0
958475,8400,323,19.0,828,85,70380.0
961118,1200,246,7.0,751,1364,1024364.0
962975,4720,451,19.0,451,46,20746.0
963321,13680,103,8.0,608,169,102752.0
966737,18000,386,10.0,891,53,47223.0
967712,6400,218,2.0,234,49,11466.0
969983,5760,48,1.0,61,73,4453.0
970799,11280,341,16.0,341,594,202554.0
971057,1120,421,13.0,438,52,22776.0
973421,480,264,11.0,264,782,206448.0
974141,10720,501,21.0,514,121,62194.0
975323,13760,433,9.0,938,24,22512.0
976818,13040,-1,6.0,-1,-1,1.0
980643,560,336,12.0,841,348,292668.0
983250,1200,246,7.0,751,1364,1024364.0
983770,13760,446,2.0,951,80,76080.0
987610,1200,246,7.0,751,1364,1024364.0
989527,13040,438,6.0,438,22,9636.0
989789,6480,43,20.0,548,72,39456.0
994153,10640,171,3.0,188,688,129344.0
997186,480,251,18.0,251,1349,338599.0
1003207,7680,311,23.0,311,102,31722.0
1004390,9040,229,22.0,734,337,247358.0
1004640,560,323,19.0,828,85,70380.0
1004641,560,323,12.0,828,85,70380.0
1004647,560,323,12.0,828,85,70380.0
1004683,560,323,12.0,828,85,70380.0
1007374,560,323,12.0,828,85,70380.0
1008570,480,251,11.0,251,1349,338599.0
1008721,7680,311,23.0,311,102,31722.0
1008921,5360,374,14.0,391,69,26979.0
1010476,13760,433,2.0,951,24,22824.0
1011528,16000,311,10.0,311,102,31722.0
1011541,7680,311,23.0,311,102,31722.0
1014227,480,251,11.0,251,1349,338599.0
1015617,1200,246,7.0,751,1364,1024364.0
1018937,10000,1,1.0,1,1,1.0
1019159,9360,78,6.0,7,79,553.0
1019269,12960,124,12.0,124,89,11036.0
1020762,15600,136,1.0,641,548,351268.0
1021224,16720,293,6.0,798,1079,861042.0
1022521,480,251,11.0,251,1349,338599.0
1022543,480,251,11.0,251,1349,338599.0
1022700,7680,311,23.0,311,102,31722.0
1024168,16720,293,6.0,798,1079,861042.0
1026155,16640,468,12.0,484,742,359128.0
1027170,560,323,12.0,828,85,70380.0
1028464,6000,39,16.0,544,-1,-544.0
1029303,560,323,12.0,828,85,70380.0
1029315,560,323,12.0,828,85,70380.0
1029826,1680,14,14.0,31,195,6045.0
1030610,7680,311,23.0,311,102,31722.0
1030881,8960,404,4.0,404,333,134532.0
1032179,12000,336,1.0,858,348,298584.0
1032300,7760,383,1.0,888,21,18648.0
1033329,11920,264,8.0,264,782,206448.0
1033486,7680,311,23.0,311,102,31722.0
1033965,8320,481,1.0,481,1700,817700.0
1034045,480,498,18.0,498,539,268422.0
1034954,560,323,12.0,828,539,446292.0
1035826,10640,184,3.0,184,-1,-184.0
1036182,7680,311,23.0,311,102,31722.0
1036858,6000,39,16.0,544,-1,-544.0
1036874,6000,39,16.0,544,-1,-544.0
1037524,16240,289,2.0,794,2294,1821436.0
1037798,7760,383,1.0,888,21,18648.0
1038864,15520,294,17.0,294,2443,718242.0
1039382,8320,481,1.0,481,1700,817700.0
1039410,8320,481,1.0,481,1700,817700.0
1039778,15600,119,1.0,624,88,54912.0
1041316,2320,184,16.0,184,-1,-184.0
1041344,2320,184,16.0,184,-1,-184.0
1041566,11920,264,1.0,264,782,206448.0
1041928,7040,388,4.0,404,53,21412.0
1042579,15600,119,1.0,624,88,54912.0
1043170,12000,336,1.0,841,348,292668.0
1043185,12000,336,1.0,841,348,292668.0
1043286,7760,383,1.0,888,21,18648.0
1043680,9360,78,6.0,78,79,6162.0
1043970,2320,184,16.0,18,-1,-18.0
1043998,2320,184,16.0,1,-1,-1.0
1044091,6400,231,2.0,231,337,77847.0
1044207,11920,264,1.0,264,782,206448.0
1044223,4080,281,1.0,281,3374,948094.0
1044775,8320,481,1.0,481,1700,817700.0
1045163,15600,119,1.0,624,88,54912.0
1045164,15600,119,1.0,624,88,54912.0
1045600,16240,289,13.0,794,2294,1821436.0
1045730,12000,336,1.0,841,348,292668.0
1045845,7760,383,1.0,888,21,18648.0
1046447,2320,184,16.0,184,-1,-184.0
1046457,2320,184,16.0,184,-1,-184.0
1046644,11920,264,1.0,264,782,206448.0
1046655,11920,264,1.0,264,782,206448.0
1046656,11920,264,1.0,264,782,206448.0
1047268,8320,481,1.0,481,1700,817700.0
1047665,15600,119,1.0,624,88,54912.0
1047676,15600,119,1.0,624,88,54912.0
1048187,8400,306,19.0,811,1120,908320.0
1048274,12000,336,1.0,841,348,292668.0
1048385,7760,383,1.0,888,21,18648.0
1048392,7760,383,1.0,888,21,18648.0
1048445,9680,399,16.0,904,121,109384.0
1048449,9680,399,16.0,904,121,109384.0
1048461,9680,399,16.0,904,121,109384.0
